,item_id,product_category_name,month_year,qty,total_price,unit_price,product_name_lenght,product_description_lenght,customers,holiday,volume,comp_price
0,bed1,bed_bath_table,01-05-2017,1,45.95,45.95,39,161,57,1,3800,45.95
1,bed1,bed_bath_table,01-06-2017,3,137.85,45.95,39,161,61,1,3800,45.95
2,bed1,bed_bath_table,01-07-2017,6,275.7,45.95,39,161,123,1,3800,45.95
3,bed1,bed_bath_table,01-08-2017,4,183.8,45.95,39,161,90,1,3800,45.95
4,bed1,bed_bath_table,01-09-2017,2,91.9,45.95,39,161,54,1,3800,45.95
5,bed1,bed_bath_table,01-10-2017,3,137.85,45.95,39,161,50,2,3800,45.95
6,bed1,bed_bath_table,01-11-2017,11,445.85,40.53181818,39,161,97,4,3800,40.53181818
7,bed1,bed_bath_table,01-12-2017,6,239.94,39.99,39,161,41,1,3800,39.99
8,bed1,bed_bath_table,01-01-2018,19,759.81,39.99,39,161,62,2,3800,39.99
9,bed1,bed_bath_table,01-02-2018,18,719.82,39.99,39,161,62,2,3800,39.99
10,bed1,bed_bath_table,01-03-2018,17,679.83,39.99,39,161,43,1,3800,39.99
11,bed1,bed_bath_table,01-04-2018,13,519.87,39.99,39,161,34,1,3800,39.99
12,bed1,bed_bath_table,01-05-2018,19,759.81,39.99,39,161,57,3,3800,39.99
13,bed1,bed_bath_table,01-06-2018,5,199.95,39.99,39,161,43,0,3800,39.99
14,bed1,bed_bath_table,01-07-2018,8,319.92,39.99,39,161,26,1,3800,39.99
15,bed1,bed_bath_table,01-08-2018,8,313.92,39.24,39,161,15,1,3800,39.24
16,garden5,garden_tools,01-03-2017,6,419.4,69.9,36,450,21,1,19656,69.9
17,garden5,garden_tools,01-04-2017,3,247.9,82.63333333,36,450,17,2,19656,82.63333333
18,garden5,garden_tools,01-05-2017,20,1956.0,97.58823529,36,450,34,1,19656,97.58823529
19,garden5,garden_tools,01-06-2017,8,712.0,89.0,36,450,26,1,19656,89.0
20,garden5,garden_tools,01-07-2017,10,890.0,89.0,36,450,74,1,19656,59.9
21,garden5,garden_tools,01-08-2017,7,683.0,97.33333333,36,450,113,1,19656,59.9
22,garden5,garden_tools,01-09-2017,9,891.0,99.0,36,450,115,1,19656,59.9
23,garden5,garden_tools,01-10-2017,14,1386.0,99.0,36,450,146,2,19656,59.9
24,garden5,garden_tools,01-11-2017,17,1683.0,99.0,36,450,339,4,19656,53.78571429
25,garden5,garden_tools,01-12-2017,11,1089.0,99.0,36,450,184,1,19656,55.75
26,garden5,garden_tools,01-01-2018,4,398.0,99.5,36,450,137,2,19656,49.9
27,garden5,garden_tools,01-02-2018,2,202.0,101.0,36,450,160,2,19656,50.35714286
28,garden5,garden_tools,01-03-2018,1,101.0,101.0,36,450,116,1,19656,53.9
29,garden5,garden_tools,01-04-2018,1,101.0,101.0,36,450,111,1,19656,53.9
30,consoles1,consoles_games,01-07-2017,13,258.7,19.9,49,100,13,1,2304,19.9
31,consoles1,consoles_games,01-08-2017,24,477.6,19.9,49,100,33,1,2304,19.9
32,consoles1,consoles_games,01-09-2017,9,179.1,19.9,49,100,17,1,2304,19.9
33,consoles1,consoles_games,01-10-2017,28,603.2,21.54285714,49,100,38,2,2304,21.54285714
34,consoles1,consoles_games,01-11-2017,28,686.0,24.5,49,100,49,4,2304,24.5
35,consoles1,consoles_games,01-12-2017,16,392.0,24.5,49,100,30,1,2304,24.5
36,consoles1,consoles_games,01-02-2018,5,162.5,32.5,49,100,6,2,2304,32.5
37,consoles1,consoles_games,01-03-2018,6,195.0,32.5,49,100,13,1,2304,32.5
38,consoles1,consoles_games,01-04-2018,7,245.4,35.05714286,49,100,13,1,2304,35.05714286
39,consoles1,consoles_games,01-05-2018,3,108.6,36.2,49,100,3,3,2304,36.2
40,consoles1,consoles_games,01-06-2018,2,72.4,36.2,49,100,2,0,2304,36.2
41,consoles1,consoles_games,01-07-2018,1,36.2,36.2,49,100,1,1,2304,36.2
42,garden7,garden_tools,01-04-2017,1,59.9,59.9,57,339,17,2,32560,59.9
43,garden7,garden_tools,01-05-2017,1,59.9,59.9,57,339,34,1,32560,59.9
44,garden7,garden_tools,01-07-2017,4,239.6,59.9,57,339,74,1,32560,59.9
45,garden7,garden_tools,01-08-2017,6,359.4,59.9,57,339,113,1,32560,59.9
46,garden7,garden_tools,01-09-2017,5,299.5,59.9,57,339,115,1,32560,59.9
47,garden7,garden_tools,01-10-2017,11,658.9,59.9,57,339,146,2,32560,59.9
48,garden7,garden_tools,01-11-2017,20,1043.6,51.32222222,57,339,339,4,32560,53.78571429
49,garden7,garden_tools,01-12-2017,10,571.8,56.97777778,57,339,184,1,32560,55.75
50,garden7,garden_tools,01-01-2018,11,548.9,49.9,57,339,137,2,32560,49.9
51,garden7,garden_tools,01-02-2018,8,411.2,51.4,57,339,160,2,32560,50.35714286
52,garden7,garden_tools,01-03-2018,3,161.7,53.9,57,339,116,1,32560,53.9
53,garden7,garden_tools,01-04-2018,8,431.2,53.9,57,339,111,1,32560,53.9
54,garden7,garden_tools,01-05-2018,9,477.1,52.9,57,339,102,3,32560,53.05789474
55,garden7,garden_tools,01-06-2018,5,249.5,49.9,57,339,58,0,32560,49.9
56,garden7,garden_tools,01-07-2018,6,299.4,49.9,57,339,54,1,32560,49.9
57,garden7,garden_tools,01-08-2018,7,349.3,49.9,57,339,46,1,32560,49.9
58,health9,health_beauty,01-02-2017,11,219.89,19.99,48,575,19,2,4500,64.99
59,health9,health_beauty,01-03-2017,9,179.91,19.99,48,575,25,1,4500,64.99
60,health9,health_beauty,01-04-2017,13,259.87,19.99,48,575,23,2,4500,64.99
61,health9,health_beauty,01-05-2017,16,319.84,19.99,48,575,41,1,4500,64.99
62,health9,health_beauty,01-06-2017,21,419.79,19.99,48,575,53,1,4500,58.79952381
63,health9,health_beauty,01-07-2017,29,579.71,19.99,48,575,61,1,4500,59.25666667
64,health9,health_beauty,01-08-2017,28,651.72,23.39740741,48,575,82,1,4500,58.99
65,health9,health_beauty,01-09-2017,24,575.76,23.99,48,575,89,1,4500,58.99
66,health9,health_beauty,01-10-2017,27,647.73,23.99,48,575,81,2,4500,58.99
67,health9,health_beauty,01-11-2017,28,671.72,23.99,48,575,139,4,4500,58.99
68,health9,health_beauty,01-12-2017,19,455.81,23.99,48,575,112,1,4500,58.99
69,health9,health_beauty,01-01-2018,19,455.81,23.99,48,575,98,2,4500,58.99
70,health9,health_beauty,01-02-2018,14,335.86,23.99,48,575,126,2,4500,58.99
71,health9,health_beauty,01-03-2018,8,191.92,23.99,48,575,169,1,4500,58.99
72,health9,health_beauty,01-05-2018,7,167.93,23.99,48,575,159,3,4500,58.99
73,health9,health_beauty,01-06-2018,3,71.97,23.99,48,575,131,0,4500,58.99
74,health9,health_beauty,01-07-2018,3,71.97,23.99,48,575,113,1,4500,58.99
75,health9,health_beauty,01-08-2018,2,47.98,23.99,48,575,127,1,4500,58.99
76,cool4,cool_stuff,01-07-2017,1,134.99,134.99,40,1456,42,1,16530,134.99
77,cool4,cool_stuff,01-08-2017,1,134.99,134.99,40,1456,39,1,16530,134.99
78,cool4,cool_stuff,01-10-2017,12,1763.88,146.99,40,1456,33,2,16530,146.99
79,cool4,cool_stuff,01-11-2017,27,4248.73,157.3603704,40,1456,42,4,16530,157.3603704
80,cool4,cool_stuff,01-12-2017,29,4842.71,166.99,40,1456,38,1,16530,166.99
81,cool4,cool_stuff,01-01-2018,13,2170.87,166.99,40,1456,102,2,16530,29.5
82,cool4,cool_stuff,01-02-2018,8,1415.92,176.99,40,1456,20,2,16530,176.99
83,cool4,cool_stuff,01-03-2018,11,1911.89,173.8081818,40,1456,45,1,16530,35.0
84,cool4,cool_stuff,01-04-2018,6,1019.94,169.99,40,1456,18,1,16530,35.0
85,health3,health_beauty,01-01-2018,1,110.99,110.99,50,1257,98,2,5700,58.99
86,health3,health_beauty,01-02-2018,2,221.98,110.99,50,1257,126,2,5700,58.99
87,health3,health_beauty,01-03-2018,9,998.91,110.99,50,1257,169,1,5700,58.99
88,health3,health_beauty,01-04-2018,13,1514.87,116.5284615,50,1257,118,1,5700,58.99
89,health3,health_beauty,01-05-2018,23,2759.77,119.99,50,1257,159,3,5700,58.99
90,health3,health_beauty,01-06-2018,43,5288.57,122.99,50,1257,131,0,5700,58.99
91,health3,health_beauty,01-07-2018,33,4058.67,122.99,50,1257,113,1,5700,58.99
92,health3,health_beauty,01-08-2018,32,3935.68,122.99,50,1257,127,1,5700,58.99
93,perfumery1,perfumery,01-06-2017,4,227.96,56.99,54,1536,4,1,3360,56.99
94,perfumery1,perfumery,01-07-2017,7,398.93,56.99,54,1536,7,1,3360,56.99
95,perfumery1,perfumery,01-08-2017,7,398.93,56.99,54,1536,8,1,3360,56.99
96,perfumery1,perfumery,01-09-2017,17,968.83,56.99,54,1536,18,1,3360,56.99
97,perfumery1,perfumery,01-10-2017,17,968.83,56.99,54,1536,19,2,3360,56.99
98,perfumery1,perfumery,01-11-2017,20,1139.8,56.99,54,1536,27,4,3360,56.99
99,perfumery1,perfumery,01-12-2017,24,1367.76,56.99,54,1536,34,1,3360,56.99
100,perfumery1,perfumery,01-01-2018,10,569.9,56.99,54,1536,15,2,3360,56.99
101,perfumery1,perfumery,01-02-2018,4,227.96,56.99,54,1536,12,2,3360,56.99
102,perfumery1,perfumery,01-03-2018,14,706.86,50.49,54,1536,18,1,3360,50.49
103,perfumery1,perfumery,01-04-2018,2,99.98,49.99,54,1536,10,1,3360,49.99
104,perfumery1,perfumery,01-07-2018,8,399.92,49.99,54,1536,13,1,3360,49.99
105,perfumery1,perfumery,01-08-2018,4,199.96,49.99,54,1536,19,1,3360,49.99
106,cool5,cool_stuff,01-04-2017,2,199.98,99.99,54,995,33,2,32736,99.99
107,cool5,cool_stuff,01-05-2017,18,1799.82,99.99,54,995,58,1,32736,99.99
108,cool5,cool_stuff,01-06-2017,11,1099.89,99.99,54,995,42,1,32736,99.99
109,cool5,cool_stuff,01-07-2017,14,1399.86,99.99,54,995,42,1,32736,99.99
110,cool5,cool_stuff,01-08-2017,8,799.92,99.99,54,995,39,1,32736,99.99
111,cool5,cool_stuff,01-09-2017,6,599.94,99.99,54,995,10,1,32736,29.5
112,cool5,cool_stuff,01-10-2017,9,899.91,99.99,54,995,33,2,32736,99.99
113,cool5,cool_stuff,01-11-2017,2,199.98,99.99,54,995,42,4,32736,99.99
114,cool5,cool_stuff,01-12-2017,3,299.97,99.99,54,995,38,1,32736,99.99
115,cool5,cool_stuff,01-01-2018,6,599.94,99.99,54,995,102,2,32736,29.5
116,cool5,cool_stuff,01-02-2018,9,899.91,99.99,54,995,20,2,32736,99.99
117,cool5,cool_stuff,01-03-2018,5,489.76,97.952,54,995,45,1,32736,35.0
118,cool5,cool_stuff,01-04-2018,4,338.77,84.6925,54,995,18,1,32736,35.0
119,health8,health_beauty,01-03-2017,6,539.94,89.99,59,492,25,1,3960,64.99
120,health8,health_beauty,01-05-2017,6,539.94,89.99,59,492,41,1,3960,64.99
121,health8,health_beauty,01-06-2017,9,809.91,89.99,59,492,53,1,3960,58.79952381
122,health8,health_beauty,01-07-2017,17,1529.83,89.99,59,492,61,1,3960,59.25666667
123,health8,health_beauty,01-08-2017,18,1619.82,89.99,59,492,82,1,3960,58.99
124,health8,health_beauty,01-09-2017,21,1889.79,89.99,59,492,89,1,3960,58.99
125,health8,health_beauty,01-10-2017,24,2159.76,89.99,59,492,81,2,3960,58.99
126,health8,health_beauty,01-11-2017,26,2339.74,89.99,59,492,139,4,3960,58.99
127,health8,health_beauty,01-12-2017,19,1709.81,89.99,59,492,112,1,3960,58.99
128,health8,health_beauty,01-01-2018,20,1799.8,89.99,59,492,98,2,3960,58.99
129,health8,health_beauty,01-02-2018,17,1529.83,89.99,59,492,126,2,3960,58.99
130,health8,health_beauty,01-03-2018,16,1339.84,83.74,59,492,169,1,3960,58.99
131,health8,health_beauty,01-04-2018,14,1119.86,79.99,59,492,118,1,3960,58.99
132,health8,health_beauty,01-05-2018,16,1279.84,79.99,59,492,159,3,3960,58.99
133,health8,health_beauty,01-06-2018,13,1039.87,79.99,59,492,131,0,3960,58.99
134,health8,health_beauty,01-07-2018,10,799.9,79.99,59,492,113,1,3960,58.99
135,health8,health_beauty,01-08-2018,7,579.75,82.82142857,59,492,127,1,3960,58.99
136,garden4,garden_tools,01-07-2017,13,778.7,59.9,57,366,74,1,19800,59.9
137,garden4,garden_tools,01-08-2017,23,1377.7,59.9,57,366,113,1,19800,59.9
138,garden4,garden_tools,01-09-2017,13,778.7,59.9,57,366,115,1,19800,59.9
139,garden4,garden_tools,01-10-2017,36,2156.4,59.9,57,366,146,2,19800,59.9
140,garden4,garden_tools,01-11-2017,69,3711.7,53.78571429,57,366,339,4,19800,53.78571429
141,garden4,garden_tools,01-12-2017,44,2468.6,55.75,57,366,184,1,19800,55.75
142,garden4,garden_tools,01-01-2018,39,1946.1,49.9,57,366,137,2,19800,49.9
143,garden4,garden_tools,01-02-2018,48,2411.2,50.35714286,57,366,160,2,19800,50.35714286
144,garden4,garden_tools,01-03-2018,26,1401.4,53.9,57,366,116,1,19800,53.9
145,garden4,garden_tools,01-04-2018,28,1509.2,53.9,57,366,111,1,19800,53.9
146,garden4,garden_tools,01-05-2018,25,1319.5,53.05789474,57,366,102,3,19800,53.05789474
147,garden4,garden_tools,01-06-2018,15,748.5,49.9,57,366,58,0,19800,49.9
148,garden4,garden_tools,01-07-2018,3,149.7,49.9,57,366,54,1,19800,49.9
149,garden4,garden_tools,01-08-2018,6,299.4,49.9,57,366,46,1,19800,49.9
150,computers5,computers_accessories,01-10-2017,1,167.0,167.0,33,300,31,2,2926,167.0
151,computers5,computers_accessories,01-12-2017,2,239.8,119.9,33,300,35,1,2926,109.9
152,computers5,computers_accessories,01-01-2018,57,5453.96,93.09489362,33,300,152,2,2926,97.6425
153,computers5,computers_accessories,01-02-2018,45,3465.8,77.155,33,300,202,2,2926,78.7122807
154,computers5,computers_accessories,01-03-2018,6,528.0,88.0,33,300,127,1,2926,81.02391304
155,computers5,computers_accessories,01-04-2018,10,880.0,88.0,33,300,107,1,2926,80.66666667
156,computers5,computers_accessories,01-06-2018,3,269.7,89.9,33,300,66,0,2926,78.9
157,computers5,computers_accessories,01-07-2018,3,236.7,78.9,33,300,43,1,2926,77.9
158,garden10,garden_tools,01-05-2017,3,179.7,59.9,59,341,34,1,32560,59.9
159,garden10,garden_tools,01-06-2017,3,179.7,59.9,59,341,26,1,32560,59.9
160,garden10,garden_tools,01-07-2017,19,1138.1,59.9,59,341,74,1,32560,59.9
161,garden10,garden_tools,01-08-2017,27,1617.3,59.9,59,341,113,1,32560,59.9
162,garden10,garden_tools,01-09-2017,17,1018.3,59.9,59,341,115,1,32560,59.9
163,garden10,garden_tools,01-10-2017,31,1856.9,59.9,59,341,146,2,32560,59.9
164,garden10,garden_tools,01-11-2017,87,4712.19,53.64828125,59,341,339,4,32560,53.78571429
165,garden10,garden_tools,01-12-2017,32,1769.7,55.425,59,341,184,1,32560,55.75
166,garden10,garden_tools,01-01-2018,29,1447.1,49.9,59,341,137,2,32560,49.9
167,garden10,garden_tools,01-02-2018,36,1828.4,50.9,59,341,160,2,32560,50.35714286
168,garden10,garden_tools,01-03-2018,35,1886.5,53.9,59,341,116,1,32560,53.9
169,garden10,garden_tools,01-04-2018,13,700.7,53.9,59,341,111,1,32560,53.9
170,garden10,garden_tools,01-05-2018,29,1559.1,53.70952381,59,341,102,3,32560,53.05789474
171,garden10,garden_tools,01-06-2018,6,299.4,49.9,59,341,58,0,32560,49.9
172,garden10,garden_tools,01-07-2018,14,698.6,49.9,59,341,54,1,32560,49.9
173,garden10,garden_tools,01-08-2018,10,499.0,49.9,59,341,46,1,32560,49.9
174,computers6,computers_accessories,01-01-2018,22,3307.8,150.3545455,48,894,152,2,4840,97.6425
175,computers6,computers_accessories,01-02-2018,69,10343.1,149.9,48,894,202,2,4840,78.7122807
176,computers6,computers_accessories,01-03-2018,51,7644.9,149.9,48,894,127,1,4840,81.02391304
177,computers6,computers_accessories,01-04-2018,35,5246.5,149.9,48,894,107,1,4840,80.66666667
178,computers6,computers_accessories,01-05-2018,52,7794.8,149.9,48,894,78,3,4840,79.8
179,computers6,computers_accessories,01-06-2018,27,4047.3,149.9,48,894,66,0,4840,78.9
180,computers6,computers_accessories,01-07-2018,13,1948.7,149.9,48,894,43,1,4840,77.9
181,computers6,computers_accessories,01-08-2018,5,749.5,149.9,48,894,18,1,4840,77.9
182,health6,health_beauty,01-01-2018,3,185.97,61.99,50,1257,98,2,2964,58.99
183,health6,health_beauty,01-03-2018,13,805.87,61.99,50,1257,169,1,2964,58.99
184,health6,health_beauty,01-04-2018,15,974.85,64.99,50,1257,118,1,2964,58.99
185,health6,health_beauty,01-05-2018,38,2469.62,64.99,50,1257,159,3,2964,58.99
186,health6,health_beauty,01-06-2018,26,1741.74,66.99,50,1257,131,0,2964,58.99
187,health6,health_beauty,01-07-2018,27,1808.73,66.99,50,1257,113,1,2964,58.99
188,health6,health_beauty,01-08-2018,28,1875.72,66.99,50,1257,127,1,2964,58.99
189,garden6,garden_tools,01-05-2017,4,239.6,59.9,56,348,34,1,19800,59.9
190,garden6,garden_tools,01-06-2017,1,59.9,59.9,56,348,26,1,19800,59.9
191,garden6,garden_tools,01-07-2017,14,838.6,59.9,56,348,74,1,19800,59.9
192,garden6,garden_tools,01-08-2017,39,2336.1,59.9,56,348,113,1,19800,59.9
193,garden6,garden_tools,01-09-2017,37,2216.3,59.9,56,348,115,1,19800,59.9
194,garden6,garden_tools,01-10-2017,39,2336.1,59.9,56,348,146,2,19800,59.9
195,garden6,garden_tools,01-11-2017,91,4769.7,52.40694444,56,348,339,4,19800,53.78571429
196,garden6,garden_tools,01-12-2017,51,2881.6,55.1,56,348,184,1,19800,55.75
197,garden6,garden_tools,01-01-2018,12,598.8,49.9,56,348,137,2,19800,49.9
198,garden6,garden_tools,01-02-2018,39,1970.1,50.54516129,56,348,160,2,19800,50.35714286
199,garden6,garden_tools,01-03-2018,31,1670.9,53.9,56,348,116,1,19800,53.9
200,garden6,garden_tools,01-04-2018,46,2479.4,53.9,56,348,111,1,19800,53.9
201,garden6,garden_tools,01-05-2018,56,2982.4,53.41515152,56,348,102,3,19800,53.05789474
202,garden6,garden_tools,01-06-2018,12,598.8,49.9,56,348,58,0,19800,49.9
203,garden6,garden_tools,01-07-2018,6,299.46,49.91,56,348,54,1,19800,49.9
204,garden6,garden_tools,01-08-2018,6,299.46,49.91,56,348,46,1,19800,49.9
205,health10,health_beauty,01-02-2018,21,994.04,47.35789474,40,409,126,2,3762,58.99
206,health10,health_beauty,01-03-2018,58,2809.65,48.45944444,40,409,169,1,3762,58.99
207,health10,health_beauty,01-04-2018,18,965.91,53.70176471,40,409,118,1,3762,58.99
208,health10,health_beauty,01-05-2018,33,1723.08,52.06928571,40,409,159,3,3762,58.99
209,health10,health_beauty,01-06-2018,9,449.82,49.98,40,409,131,0,3762,58.99
210,health10,health_beauty,01-07-2018,5,257.56,51.512,40,409,113,1,3762,58.99
211,health10,health_beauty,01-08-2018,11,557.85,50.71,40,409,127,1,3762,58.99
212,watches2,watches_gifts,01-06-2017,5,789.95,157.99,35,591,17,1,4480,185.0
213,watches2,watches_gifts,01-07-2017,6,1016.95,171.792,35,591,29,1,4480,197.383
214,watches2,watches_gifts,01-08-2017,5,849.5,169.9,35,591,48,1,4480,179.9
215,watches2,watches_gifts,01-09-2017,10,1604.0,160.4,35,591,54,1,4480,164.57
216,watches2,watches_gifts,01-10-2017,16,2391.6,149.475,35,591,43,2,4480,232.49
217,watches2,watches_gifts,01-11-2017,26,3660.0,140.56,35,591,91,4,4480,174.4333333
218,watches2,watches_gifts,01-12-2017,6,894.0,149.0,35,591,73,1,4480,185.96
219,watches2,watches_gifts,01-01-2018,8,1188.0,148.5,35,591,59,2,4480,199.0
220,watches2,watches_gifts,01-02-2018,14,2043.92,145.9942857,35,591,90,2,4480,182.0
221,watches2,watches_gifts,01-03-2018,9,1115.7,123.9666667,35,591,125,1,4480,151.8784375
222,watches2,watches_gifts,01-04-2018,10,1191.9,119.19,35,591,178,1,4480,150.1333333
223,watches2,watches_gifts,01-05-2018,22,2598.9,118.1318182,35,591,260,3,4480,132.53125
224,watches2,watches_gifts,01-06-2018,1,139.9,139.9,35,591,93,0,4480,138.22
225,watches2,watches_gifts,01-07-2018,5,694.9,138.98,35,591,122,1,4480,155.0
226,watches2,watches_gifts,01-08-2018,3,414.0,138.0,35,591,61,1,4480,145.5509091
227,health1,health_beauty,01-08-2017,3,254.97,84.99,49,1495,82,1,8151,58.99
228,health1,health_beauty,01-09-2017,4,339.96,84.99,49,1495,89,1,8151,58.99
229,health1,health_beauty,01-10-2017,3,254.97,84.99,49,1495,81,2,8151,58.99
230,health1,health_beauty,01-11-2017,36,3059.64,84.99,49,1495,139,4,8151,58.99
231,health1,health_beauty,01-12-2017,50,4249.5,84.99,49,1495,112,1,8151,58.99
232,health1,health_beauty,01-01-2018,13,1104.87,84.99,49,1495,98,2,8151,58.99
233,health1,health_beauty,01-02-2018,7,594.93,84.99,49,1495,126,2,8151,58.99
234,health1,health_beauty,01-03-2018,4,339.96,84.99,49,1495,169,1,8151,58.99
235,health1,health_beauty,01-06-2018,2,169.98,84.99,49,1495,131,0,8151,58.99
236,garden8,garden_tools,01-02-2017,1,179.99,179.99,33,2188,3,2,8000,179.99
237,garden8,garden_tools,01-04-2017,3,539.97,179.99,33,2188,17,2,8000,179.99
238,garden8,garden_tools,01-09-2017,2,359.98,179.99,33,2188,115,1,8000,59.9
239,garden8,garden_tools,01-10-2017,6,1079.94,179.99,33,2188,146,2,8000,59.9
240,garden8,garden_tools,01-11-2017,13,2339.87,179.99,33,2188,339,4,8000,53.78571429
241,garden8,garden_tools,01-12-2017,15,2759.85,183.99,33,2188,184,1,8000,55.75
242,garden8,garden_tools,01-01-2018,14,2629.96,187.8542857,33,2188,137,2,8000,49.9
243,garden8,garden_tools,01-02-2018,12,2148.0,179.0,33,2188,160,2,8000,50.35714286
244,garden8,garden_tools,01-03-2018,13,2277.0,175.1538462,33,2188,116,1,8000,53.9
245,garden8,garden_tools,01-04-2018,11,1969.0,179.0,33,2188,111,1,8000,53.9
246,garden8,garden_tools,01-05-2018,3,537.0,179.0,33,2188,102,3,8000,53.05789474
247,garden8,garden_tools,01-06-2018,10,1590.0,159.0,33,2188,58,0,8000,49.9
248,garden8,garden_tools,01-07-2018,8,1112.0,139.0,33,2188,54,1,8000,49.9
249,garden8,garden_tools,01-08-2018,7,973.0,139.0,33,2188,46,1,8000,49.9
250,garden9,garden_tools,01-04-2017,3,179.7,59.9,58,340,17,2,19800,59.9
251,garden9,garden_tools,01-05-2017,7,419.3,59.9,58,340,34,1,19800,59.9
252,garden9,garden_tools,01-06-2017,4,239.6,59.9,58,340,26,1,19800,59.9
253,garden9,garden_tools,01-07-2017,19,1138.1,59.9,58,340,74,1,19800,59.9
254,garden9,garden_tools,01-08-2017,21,1257.9,59.9,58,340,113,1,19800,59.9
255,garden9,garden_tools,01-09-2017,23,1377.7,59.9,58,340,115,1,19800,59.9
256,garden9,garden_tools,01-10-2017,19,1138.1,59.9,58,340,146,2,19800,59.9
257,garden9,garden_tools,01-11-2017,82,4397.7,53.37910448,58,340,339,4,19800,53.78571429
258,garden9,garden_tools,01-12-2017,40,2232.6,55.77096774,58,340,184,1,19800,55.75
259,garden9,garden_tools,01-01-2018,25,1247.5,49.9,58,340,137,2,19800,49.9
260,garden9,garden_tools,01-02-2018,44,2247.6,51.025,58,340,160,2,19800,50.35714286
261,garden9,garden_tools,01-03-2018,25,1347.5,53.9,58,340,116,1,19800,53.9
262,garden9,garden_tools,01-04-2018,20,1078.0,53.9,58,340,111,1,19800,53.9
263,garden9,garden_tools,01-05-2018,17,888.3,52.56666667,58,340,102,3,19800,53.05789474
264,garden9,garden_tools,01-06-2018,8,399.2,49.9,58,340,58,0,19800,49.9
265,garden9,garden_tools,01-07-2018,9,449.1,49.9,58,340,54,1,19800,49.9
266,garden9,garden_tools,01-08-2018,7,349.3,49.9,58,340,46,1,19800,49.9
267,watches6,watches_gifts,01-06-2017,4,652.0,163.0,33,523,17,1,2288,185.0
268,watches6,watches_gifts,01-07-2017,11,1777.5,161.5909091,33,523,29,1,2288,197.383
269,watches6,watches_gifts,01-08-2017,13,2088.7,160.6692308,33,523,48,1,2288,179.9
270,watches6,watches_gifts,01-09-2017,18,2762.5,148.7785714,33,523,54,1,2288,164.57
271,watches6,watches_gifts,01-10-2017,1,134.9,134.9,33,523,43,2,2288,232.49
272,watches6,watches_gifts,01-11-2017,15,1995.0,133.0,33,523,91,4,2288,174.4333333
273,watches6,watches_gifts,01-12-2017,4,596.0,149.0,33,523,73,1,2288,185.96
274,watches6,watches_gifts,01-02-2018,6,769.45,128.2416667,33,523,90,2,2288,182.0
275,watches6,watches_gifts,01-03-2018,31,3640.68,117.4412903,33,523,125,1,2288,151.8784375
276,watches6,watches_gifts,01-04-2018,85,8961.49,105.648625,33,523,178,1,2288,150.1333333
277,watches6,watches_gifts,01-05-2018,114,11820.2,103.7925234,33,523,260,3,2288,132.53125
278,watches6,watches_gifts,01-06-2018,9,1071.0,119.0,33,523,93,0,2288,138.22
279,watches6,watches_gifts,01-07-2018,11,1302.0,118.3636364,33,523,122,1,2288,155.0
280,watches6,watches_gifts,01-08-2018,1,112.0,112.0,33,523,61,1,2288,145.5509091
281,cool3,cool_stuff,01-09-2017,1,29.5,29.5,57,787,10,1,7776,29.5
282,cool3,cool_stuff,01-01-2018,76,2242.0,29.5,57,787,102,2,7776,29.5
283,cool3,cool_stuff,01-03-2018,26,910.0,35.0,57,787,45,1,7776,35.0
284,cool3,cool_stuff,01-04-2018,4,140.0,35.0,57,787,18,1,7776,35.0
285,cool3,cool_stuff,01-05-2018,4,140.0,35.0,57,787,4,3,7776,35.0
286,cool3,cool_stuff,01-06-2018,2,130.0,65.0,57,787,2,0,7776,65.0
287,cool3,cool_stuff,01-08-2018,1,65.0,65.0,57,787,1,1,7776,65.0
288,perfumery2,perfumery,01-08-2017,1,142.5,142.5,29,178,8,1,4693,142.5
289,perfumery2,perfumery,01-09-2017,1,142.5,142.5,29,178,18,1,4693,142.5
290,perfumery2,perfumery,01-10-2017,2,285.0,142.5,29,178,19,2,4693,142.5
291,perfumery2,perfumery,01-11-2017,8,944.4,118.05,29,178,27,4,4693,118.05
292,perfumery2,perfumery,01-12-2017,12,1416.0,118.0,29,178,34,1,4693,118.0
293,perfumery2,perfumery,01-01-2018,6,707.4,117.9,29,178,15,2,4693,117.9
294,perfumery2,perfumery,01-02-2018,11,1296.8,117.8888889,29,178,12,2,4693,117.8888889
295,perfumery2,perfumery,01-03-2018,4,470.8,117.7,29,178,18,1,4693,117.7
296,perfumery2,perfumery,01-04-2018,8,943.8,117.975,29,178,10,1,4693,117.975
297,perfumery2,perfumery,01-05-2018,17,2038.3,119.9,29,178,16,3,4693,119.9
298,perfumery2,perfumery,01-06-2018,14,1668.5,119.1785714,29,178,14,0,4693,119.1785714
299,perfumery2,perfumery,01-07-2018,5,593.5,118.7,29,178,13,1,4693,118.7
300,perfumery2,perfumery,01-08-2018,17,1987.4,116.9066667,29,178,19,1,4693,116.9066667
301,cool2,cool_stuff,01-03-2017,8,1039.92,129.99,33,897,22,1,15750,129.99
302,cool2,cool_stuff,01-04-2017,14,1819.86,129.99,33,897,33,2,15750,129.99
303,cool2,cool_stuff,01-05-2017,18,2339.82,129.99,33,897,58,1,15750,129.99
304,cool2,cool_stuff,01-06-2017,17,2209.83,129.99,33,897,42,1,15750,129.99
305,cool2,cool_stuff,01-07-2017,16,2079.84,129.99,33,897,42,1,15750,129.99
306,cool2,cool_stuff,01-08-2017,16,1870.84,116.9275,33,897,39,1,15750,116.9275
307,cool2,cool_stuff,01-10-2017,10,1199.9,119.99,33,897,33,2,15750,119.99
308,cool2,cool_stuff,01-11-2017,9,1169.91,129.99,33,897,42,4,15750,129.99
309,cool2,cool_stuff,01-12-2017,3,389.97,129.99,33,897,38,1,15750,129.99
310,cool2,cool_stuff,01-01-2018,4,519.96,129.99,33,897,102,2,15750,29.5
311,cool2,cool_stuff,01-02-2018,2,259.98,129.99,33,897,20,2,15750,129.99
312,cool2,cool_stuff,01-03-2018,1,129.99,129.99,33,897,45,1,15750,35.0
313,cool2,cool_stuff,01-04-2018,1,129.99,129.99,33,897,18,1,15750,35.0
314,computers1,computers_accessories,01-05-2017,4,379.6,94.9,45,236,11,1,2808,94.9
315,computers1,computers_accessories,01-06-2017,6,611.4,100.9,45,236,15,1,2808,100.9
316,computers1,computers_accessories,01-07-2017,10,1099.0,109.9,45,236,17,1,2808,109.9
317,computers1,computers_accessories,01-08-2017,2,219.8,109.9,45,236,15,1,2808,109.9
318,computers1,computers_accessories,01-09-2017,4,395.6,98.9,45,236,15,1,2808,98.9
319,computers1,computers_accessories,01-10-2017,4,395.6,98.9,45,236,31,2,2808,98.9
320,computers1,computers_accessories,01-11-2017,6,593.4,98.9,45,236,36,4,2808,109.9
321,computers1,computers_accessories,01-12-2017,1,98.9,98.9,45,236,35,1,2808,109.9
322,computers1,computers_accessories,01-01-2018,31,2795.14,90.534,45,236,152,2,2808,97.6425
323,computers1,computers_accessories,01-02-2018,30,2537.19,84.75608696,45,236,202,2,2808,78.7122807
324,computers1,computers_accessories,01-03-2018,13,1139.8,87.5,45,236,127,1,2808,81.02391304
325,computers1,computers_accessories,01-04-2018,5,470.0,94.0,45,236,107,1,2808,80.66666667
326,computers1,computers_accessories,01-06-2018,4,292.0,73.0,45,236,66,0,2808,78.9
327,computers1,computers_accessories,01-07-2018,18,1199.48,66.34214286,45,236,43,1,2808,77.9
328,computers1,computers_accessories,01-08-2018,1,79.9,79.9,45,236,18,1,2808,77.9
329,consoles2,consoles_games,01-07-2017,1,19.9,19.9,56,237,13,1,2304,19.9
330,consoles2,consoles_games,01-08-2017,11,218.9,19.9,56,237,33,1,2304,19.9
331,consoles2,consoles_games,01-09-2017,9,179.1,19.9,56,237,17,1,2304,19.9
332,consoles2,consoles_games,01-10-2017,12,248.0,20.66666667,56,237,38,2,2304,20.66666667
333,consoles2,consoles_games,01-11-2017,23,563.5,24.5,56,237,49,4,2304,24.5
334,consoles2,consoles_games,01-12-2017,17,416.5,24.5,56,237,30,1,2304,24.5
335,consoles2,consoles_games,01-01-2018,10,271.2,27.03333333,56,237,9,2,2304,27.03333333
336,consoles2,consoles_games,01-02-2018,1,32.5,32.5,56,237,6,2,2304,32.5
337,consoles2,consoles_games,01-03-2018,7,229.2,32.74285714,56,237,13,1,2304,32.74285714
338,consoles2,consoles_games,01-04-2018,6,205.2,34.2,56,237,13,1,2304,34.2
339,health5,health_beauty,01-01-2017,8,2799.2,349.9,51,625,9,1,11400,64.99
340,health5,health_beauty,01-02-2017,4,1399.6,349.9,51,625,19,2,11400,64.99
341,health5,health_beauty,01-03-2017,2,699.8,349.9,51,625,25,1,11400,64.99
342,health5,health_beauty,01-04-2017,1,349.9,349.9,51,625,23,2,11400,64.99
343,health5,health_beauty,01-05-2017,4,1399.6,349.9,51,625,41,1,11400,64.99
344,health5,health_beauty,01-06-2017,2,699.8,349.9,51,625,53,1,11400,58.79952381
345,health5,health_beauty,01-07-2017,1,349.9,349.9,51,625,61,1,11400,59.25666667
346,health5,health_beauty,01-08-2017,7,2449.3,349.9,51,625,82,1,11400,58.99
347,health5,health_beauty,01-09-2017,7,2449.3,349.9,51,625,89,1,11400,58.99
348,health5,health_beauty,01-10-2017,10,3499.0,349.9,51,625,81,2,11400,58.99
349,health5,health_beauty,01-11-2017,11,3543.5,322.1363636,51,625,139,4,11400,58.99
350,health5,health_beauty,01-12-2017,7,2449.3,349.9,51,625,112,1,11400,58.99
351,health5,health_beauty,01-01-2018,12,4198.8,349.9,51,625,98,2,11400,58.99
352,health5,health_beauty,01-02-2018,15,5248.5,349.9,51,625,126,2,11400,58.99
353,health5,health_beauty,01-03-2018,17,5948.3,349.9,51,625,169,1,11400,58.99
354,health5,health_beauty,01-04-2018,7,2449.3,349.9,51,625,118,1,11400,58.99
355,health5,health_beauty,01-05-2018,10,3513.1,352.25,51,625,159,3,11400,58.99
356,health5,health_beauty,01-06-2018,11,4004.0,364.0,51,625,131,0,11400,58.99
357,health5,health_beauty,01-07-2018,11,4004.0,364.0,51,625,113,1,11400,58.99
358,health5,health_beauty,01-08-2018,9,3276.0,364.0,51,625,127,1,11400,58.99
359,watches8,watches_gifts,01-07-2017,2,479.8,239.9,35,640,29,1,2992,197.383
360,watches8,watches_gifts,01-10-2017,2,479.8,239.9,35,640,43,2,2992,232.49
361,watches8,watches_gifts,01-01-2018,2,459.8,229.9,35,640,59,2,2992,199.0
362,watches8,watches_gifts,01-02-2018,11,2250.8,204.6181818,35,640,90,2,2992,182.0
363,watches8,watches_gifts,01-03-2018,16,2680.0,167.5,35,640,125,1,2992,151.8784375
364,watches8,watches_gifts,01-04-2018,26,3908.9,150.3423077,35,640,178,1,2992,150.1333333
365,watches8,watches_gifts,01-05-2018,30,4355.0,145.1666667,35,640,260,3,2992,132.53125
366,watches8,watches_gifts,01-06-2018,3,457.9,152.6333333,35,640,93,0,2992,138.22
367,watches8,watches_gifts,01-07-2018,14,2200.0,157.1428571,35,640,122,1,2992,155.0
368,watches8,watches_gifts,01-08-2018,11,1737.4,157.9454545,35,640,61,1,2992,145.5509091
369,furniture4,furniture_decor,01-11-2017,1,99.9,99.9,57,272,64,4,12000,99.9
370,furniture4,furniture_decor,01-12-2017,3,299.7,99.9,57,272,40,1,12000,99.9
371,furniture4,furniture_decor,01-01-2018,13,1298.7,99.9,57,272,125,2,12000,99.9
372,furniture4,furniture_decor,01-02-2018,13,1298.7,99.9,57,272,52,2,12000,99.9
373,furniture4,furniture_decor,01-03-2018,12,1198.8,99.9,57,272,83,1,12000,99.9
374,furniture4,furniture_decor,01-04-2018,13,1298.7,99.9,57,272,92,1,12000,99.9
375,furniture4,furniture_decor,01-05-2018,13,1298.7,99.9,57,272,95,3,12000,99.9
376,furniture4,furniture_decor,01-06-2018,10,999.0,99.9,57,272,18,0,12000,99.9
377,furniture4,furniture_decor,01-07-2018,14,1099.5,78.53571429,57,272,22,1,12000,78.53571429
378,furniture4,furniture_decor,01-08-2018,9,754.5,83.83333333,57,272,19,1,12000,83.83333333
379,watches5,watches_gifts,01-08-2017,8,1839.2,229.9,42,236,48,1,3510,179.9
380,watches5,watches_gifts,01-09-2017,10,2190.6,219.06,42,236,54,1,3510,164.57
381,watches5,watches_gifts,01-10-2017,8,1729.2,216.15,42,236,43,2,3510,232.49
382,watches5,watches_gifts,01-11-2017,12,2395.2,203.2909091,42,236,91,4,3510,174.4333333
383,watches5,watches_gifts,01-12-2017,28,6287.2,224.5428571,42,236,73,1,3510,185.96
384,watches5,watches_gifts,01-01-2018,10,2207.7,220.77,42,236,59,2,3510,199.0
385,watches5,watches_gifts,01-02-2018,21,4319.4,205.6857143,42,236,90,2,3510,182.0
386,watches5,watches_gifts,01-03-2018,16,3459.0,216.1875,42,236,125,1,3510,151.8784375
387,watches5,watches_gifts,01-04-2018,13,2657.0,204.3846154,42,236,178,1,3510,150.1333333
388,watches5,watches_gifts,01-05-2018,17,3383.0,199.0,42,236,260,3,3510,132.53125
389,health7,health_beauty,01-01-2017,1,64.99,64.99,59,492,9,1,3960,64.99
390,health7,health_beauty,01-02-2017,5,324.95,64.99,59,492,19,2,3960,64.99
391,health7,health_beauty,01-03-2017,9,584.91,64.99,59,492,25,1,3960,64.99
392,health7,health_beauty,01-04-2017,9,584.91,64.99,59,492,23,2,3960,64.99
393,health7,health_beauty,01-05-2017,16,1039.84,64.99,59,492,41,1,3960,64.99
394,health7,health_beauty,01-06-2017,21,1234.79,58.79952381,59,492,53,1,3960,58.79952381
395,health7,health_beauty,01-07-2017,15,888.85,59.25666667,59,492,61,1,3960,59.25666667
396,health7,health_beauty,01-08-2017,22,1297.78,58.99,59,492,82,1,3960,58.99
397,health7,health_beauty,01-09-2017,25,1474.75,58.99,59,492,89,1,3960,58.99
398,health7,health_beauty,01-10-2017,19,1120.81,58.99,59,492,81,2,3960,58.99
399,health7,health_beauty,01-11-2017,24,1415.76,58.99,59,492,139,4,3960,58.99
400,health7,health_beauty,01-12-2017,9,530.91,58.99,59,492,112,1,3960,58.99
401,health7,health_beauty,01-01-2018,6,353.94,58.99,59,492,98,2,3960,58.99
402,health7,health_beauty,01-02-2018,14,825.86,58.99,59,492,126,2,3960,58.99
403,health7,health_beauty,01-03-2018,10,589.9,58.99,59,492,169,1,3960,58.99
404,health7,health_beauty,01-04-2018,11,648.89,58.99,59,492,118,1,3960,58.99
405,health7,health_beauty,01-05-2018,4,235.96,58.99,59,492,159,3,3960,58.99
406,health7,health_beauty,01-06-2018,6,353.94,58.99,59,492,131,0,3960,58.99
407,health7,health_beauty,01-07-2018,2,117.98,58.99,59,492,113,1,3960,58.99
408,health7,health_beauty,01-08-2018,3,176.97,58.99,59,492,127,1,3960,58.99
409,bed3,bed_bath_table,01-10-2017,8,792.0,99.0,55,312,50,2,20944,45.95
410,bed3,bed_bath_table,01-11-2017,22,2178.0,99.0,55,312,97,4,20944,40.53181818
411,bed3,bed_bath_table,01-12-2017,7,693.0,99.0,55,312,41,1,20944,39.99
412,bed3,bed_bath_table,01-01-2018,11,1082.0,98.3,55,312,62,2,20944,39.99
413,bed3,bed_bath_table,01-02-2018,13,1196.0,92.0,55,312,62,2,20944,39.99
414,bed3,bed_bath_table,01-03-2018,3,276.0,92.0,55,312,43,1,20944,39.99
415,bed3,bed_bath_table,01-04-2018,9,815.0,90.875,55,312,34,1,20944,39.99
416,bed3,bed_bath_table,01-05-2018,14,1235.36,88.24,55,312,57,3,20944,39.99
417,bed3,bed_bath_table,01-06-2018,14,1188.6,84.9,55,312,43,0,20944,39.99
418,bed3,bed_bath_table,01-07-2018,9,764.1,84.9,55,312,26,1,20944,39.99
419,bed3,bed_bath_table,01-08-2018,1,84.9,84.9,55,312,15,1,20944,39.24
420,garden3,garden_tools,01-02-2017,1,99.99,99.99,47,1893,3,2,8000,99.99
421,garden3,garden_tools,01-03-2017,11,1099.89,99.99,47,1893,21,1,8000,99.99
422,garden3,garden_tools,01-04-2017,8,759.92,96.65666667,47,1893,17,2,8000,96.65666667
423,garden3,garden_tools,01-05-2017,2,219.98,109.99,47,1893,34,1,8000,109.99
424,garden3,garden_tools,01-06-2017,2,239.98,119.99,47,1893,26,1,8000,119.99
425,garden3,garden_tools,01-07-2017,2,240.0,120.0,47,1893,74,1,8000,59.9
426,garden3,garden_tools,01-09-2017,4,417.0,104.25,47,1893,115,1,8000,59.9
427,garden3,garden_tools,01-10-2017,12,1105.92,92.594,47,1893,146,2,8000,59.9
428,garden3,garden_tools,01-11-2017,21,1889.79,89.99,47,1893,339,4,8000,53.78571429
429,garden3,garden_tools,01-12-2017,14,1259.86,89.99,47,1893,184,1,8000,55.75
430,garden3,garden_tools,01-01-2018,12,1479.98,123.3316667,47,1893,137,2,8000,49.9
431,garden3,garden_tools,01-02-2018,14,1680.0,120.0,47,1893,160,2,8000,50.35714286
432,garden3,garden_tools,01-03-2018,6,680.0,113.3333333,47,1893,116,1,8000,53.9
433,garden3,garden_tools,01-04-2018,7,770.0,110.0,47,1893,111,1,8000,53.9
434,garden3,garden_tools,01-05-2018,8,880.0,110.0,47,1893,102,3,8000,53.05789474
435,garden3,garden_tools,01-06-2018,10,969.9,96.65666667,47,1893,58,0,8000,49.9
436,garden3,garden_tools,01-07-2018,5,499.95,99.99,47,1893,54,1,8000,49.9
437,garden3,garden_tools,01-08-2018,2,199.98,99.99,47,1893,46,1,8000,49.9
438,bed2,bed_bath_table,01-02-2017,2,179.8,89.9,54,245,2,2,20000,89.9
439,bed2,bed_bath_table,01-03-2017,22,1977.8,89.9,54,245,20,1,20000,89.9
440,bed2,bed_bath_table,01-04-2017,34,3056.6,89.9,54,245,31,2,20000,89.9
441,bed2,bed_bath_table,01-05-2017,58,5214.2,89.9,54,245,57,1,20000,45.95
442,bed2,bed_bath_table,01-06-2017,51,4584.9,89.9,54,245,61,1,20000,45.95
443,bed2,bed_bath_table,01-07-2017,60,5394.0,89.9,54,245,123,1,20000,45.95
444,bed2,bed_bath_table,01-08-2017,37,3326.3,89.9,54,245,90,1,20000,45.95
445,bed2,bed_bath_table,01-09-2017,23,2067.7,89.9,54,245,54,1,20000,45.95
446,bed2,bed_bath_table,01-10-2017,14,1258.6,89.9,54,245,50,2,20000,45.95
447,bed2,bed_bath_table,01-11-2017,40,3596.0,89.9,54,245,97,4,20000,40.53181818
448,bed2,bed_bath_table,01-12-2017,18,1594.2,88.48823529,54,245,41,1,20000,39.99
449,bed2,bed_bath_table,01-01-2018,17,1477.3,86.9,54,245,62,2,20000,39.99
450,bed2,bed_bath_table,01-02-2018,22,1911.8,86.9,54,245,62,2,20000,39.99
451,bed2,bed_bath_table,01-03-2018,17,1477.3,86.9,54,245,43,1,20000,39.99
452,bed2,bed_bath_table,01-04-2018,6,510.27,85.045,54,245,34,1,20000,39.99
453,bed2,bed_bath_table,01-05-2018,26,2174.89,83.64961538,54,245,57,3,20000,39.99
454,bed2,bed_bath_table,01-06-2018,23,1837.7,79.9,54,245,43,0,20000,39.99
455,bed2,bed_bath_table,01-07-2018,10,781.3,77.93333333,54,245,26,1,20000,39.99
456,bed2,bed_bath_table,01-08-2018,7,518.0,74.0,54,245,15,1,20000,39.24
457,furniture3,furniture_decor,01-08-2017,1,38.4,38.4,41,789,14,1,14000,38.4
458,furniture3,furniture_decor,01-09-2017,6,230.4,38.4,41,789,7,1,14000,38.4
459,furniture3,furniture_decor,01-10-2017,8,307.2,38.4,41,789,17,2,14000,38.4
460,furniture3,furniture_decor,01-11-2017,34,1170.35,34.58117647,41,789,64,4,14000,99.9
461,furniture3,furniture_decor,01-12-2017,4,153.6,38.4,41,789,40,1,14000,99.9
462,furniture3,furniture_decor,01-01-2018,15,576.0,38.4,41,789,125,2,14000,99.9
463,furniture3,furniture_decor,01-02-2018,4,153.6,38.4,41,789,52,2,14000,99.9
464,furniture3,furniture_decor,01-03-2018,14,493.4,35.48571429,41,789,83,1,14000,99.9
465,furniture3,furniture_decor,01-04-2018,4,140.0,35.0,41,789,92,1,14000,99.9
466,furniture3,furniture_decor,01-05-2018,4,140.0,35.0,41,789,95,3,14000,99.9
467,furniture3,furniture_decor,01-06-2018,2,70.0,35.0,41,789,18,0,14000,99.9
468,furniture3,furniture_decor,01-08-2018,1,35.0,35.0,41,789,19,1,14000,83.83333333
469,watches4,watches_gifts,01-11-2017,13,1404.0,108.0,58,3006,91,4,7632,174.4333333
470,watches4,watches_gifts,01-12-2017,13,1404.0,108.0,58,3006,73,1,7632,185.96
471,watches4,watches_gifts,01-01-2018,44,4752.0,108.0,58,3006,59,2,7632,199.0
472,watches4,watches_gifts,01-02-2018,33,3564.0,108.0,58,3006,90,2,7632,182.0
473,watches4,watches_gifts,01-03-2018,21,2214.0,105.6428571,58,3006,125,1,7632,151.8784375
474,watches4,watches_gifts,01-04-2018,21,2205.0,105.0,58,3006,178,1,7632,150.1333333
475,watches4,watches_gifts,01-05-2018,37,3885.0,105.0,58,3006,260,3,7632,132.53125
476,watches4,watches_gifts,01-06-2018,28,2940.0,105.0,58,3006,93,0,7632,138.22
477,watches4,watches_gifts,01-07-2018,8,840.0,105.0,58,3006,122,1,7632,155.0
478,watches4,watches_gifts,01-08-2018,7,735.0,105.0,58,3006,61,1,7632,145.5509091
479,watches3,watches_gifts,01-03-2017,1,78.0,78.0,59,319,6,1,640,241.006
480,watches3,watches_gifts,01-06-2017,3,234.0,78.0,59,319,17,1,640,185.0
481,watches3,watches_gifts,01-07-2017,1,78.0,78.0,59,319,29,1,640,197.383
482,watches3,watches_gifts,01-08-2017,5,390.0,78.0,59,319,48,1,640,179.9
483,watches3,watches_gifts,01-10-2017,3,234.0,78.0,59,319,43,2,640,232.49
484,watches3,watches_gifts,01-11-2017,2,156.0,78.0,59,319,91,4,640,174.4333333
485,watches3,watches_gifts,01-12-2017,6,468.0,78.0,59,319,73,1,640,185.96
486,watches3,watches_gifts,01-01-2018,9,702.0,78.0,59,319,59,2,640,199.0
487,watches3,watches_gifts,01-02-2018,1,78.0,78.0,59,319,90,2,640,182.0
488,watches3,watches_gifts,01-03-2018,1,78.0,78.0,59,319,125,1,640,151.8784375
489,watches3,watches_gifts,01-04-2018,16,1248.0,78.0,59,319,178,1,640,150.1333333
490,watches3,watches_gifts,01-05-2018,5,390.0,78.0,59,319,260,3,640,132.53125
491,watches3,watches_gifts,01-06-2018,39,3042.0,78.0,59,319,93,0,640,138.22
492,watches3,watches_gifts,01-07-2018,40,3120.0,78.0,59,319,122,1,640,155.0
493,watches3,watches_gifts,01-08-2018,28,2179.0,77.82142857,59,319,61,1,640,145.5509091
494,furniture2,furniture_decor,01-07-2017,5,375.0,75.0,44,903,5,1,15000,75.0
495,furniture2,furniture_decor,01-08-2017,13,975.0,75.0,44,903,14,1,15000,75.0
496,furniture2,furniture_decor,01-10-2017,5,375.0,75.0,44,903,17,2,15000,75.0
497,furniture2,furniture_decor,01-11-2017,44,3300.0,75.0,44,903,64,4,15000,99.9
498,furniture2,furniture_decor,01-12-2017,47,3525.0,75.0,44,903,40,1,15000,99.9
499,furniture2,furniture_decor,01-01-2018,122,8538.0,69.9953271,44,903,125,2,15000,99.9
500,furniture2,furniture_decor,01-02-2018,44,3075.6,69.9,44,903,52,2,15000,99.9
501,furniture2,furniture_decor,01-03-2018,65,4543.5,69.9,44,903,83,1,15000,99.9
502,furniture2,furniture_decor,01-04-2018,83,5801.7,69.9,44,903,92,1,15000,99.9
503,furniture2,furniture_decor,01-05-2018,92,6430.8,69.9,44,903,95,3,15000,99.9
504,furniture2,furniture_decor,01-06-2018,2,179.8,89.9,44,903,18,0,15000,99.9
505,furniture2,furniture_decor,01-07-2018,2,179.8,89.9,44,903,22,1,15000,78.53571429
506,furniture2,furniture_decor,01-08-2018,3,309.7,103.2333333,44,903,19,1,15000,83.83333333
507,garden2,garden_tools,01-04-2017,5,299.5,59.9,59,341,17,2,32560,59.9
508,garden2,garden_tools,01-05-2017,2,119.8,59.9,59,341,34,1,32560,59.9
509,garden2,garden_tools,01-06-2017,5,299.5,59.9,59,341,26,1,32560,59.9
510,garden2,garden_tools,01-07-2017,15,898.5,59.9,59,341,74,1,32560,59.9
511,garden2,garden_tools,01-08-2017,19,1138.1,59.9,59,341,113,1,32560,59.9
512,garden2,garden_tools,01-09-2017,34,2036.6,59.9,59,341,115,1,32560,59.9
513,garden2,garden_tools,01-10-2017,13,778.7,59.9,59,341,146,2,32560,59.9
514,garden2,garden_tools,01-11-2017,9,495.5,54.45,59,341,339,4,32560,53.78571429
515,garden2,garden_tools,01-12-2017,1,49.9,49.9,59,341,184,1,32560,55.75
516,garden2,garden_tools,01-01-2018,1,49.9,49.9,59,341,137,2,32560,49.9
517,garden2,garden_tools,01-02-2018,4,203.6,51.23333333,59,341,160,2,32560,50.35714286
518,garden2,garden_tools,01-03-2018,2,107.8,53.9,59,341,116,1,32560,53.9
519,garden2,garden_tools,01-04-2018,2,107.8,53.9,59,341,111,1,32560,53.9
520,garden2,garden_tools,01-05-2018,4,199.6,49.9,59,341,102,3,32560,53.05789474
521,garden2,garden_tools,01-06-2018,5,249.5,49.9,59,341,58,0,32560,49.9
522,garden2,garden_tools,01-07-2018,3,149.7,49.9,59,341,54,1,32560,49.9
523,garden2,garden_tools,01-08-2018,3,149.7,49.9,59,341,46,1,32560,49.9
524,furniture1,furniture_decor,01-07-2017,1,38.4,38.4,49,829,5,1,10000,38.4
525,furniture1,furniture_decor,01-08-2017,8,307.2,38.4,49,829,14,1,10000,38.4
526,furniture1,furniture_decor,01-09-2017,12,460.8,38.4,49,829,7,1,10000,38.4
527,furniture1,furniture_decor,01-10-2017,25,960.0,38.4,49,829,17,2,10000,38.4
528,furniture1,furniture_decor,01-11-2017,28,1026.51,36.85428571,49,829,64,4,10000,99.9
529,furniture1,furniture_decor,01-01-2018,2,76.8,38.4,49,829,125,2,10000,99.9
530,furniture1,furniture_decor,01-02-2018,9,345.6,38.4,49,829,52,2,10000,99.9
531,furniture1,furniture_decor,01-03-2018,17,601.8,35.48571429,49,829,83,1,10000,99.9
532,furniture1,furniture_decor,01-04-2018,17,595.0,35.0,49,829,92,1,10000,99.9
533,furniture1,furniture_decor,01-05-2018,11,385.0,35.0,49,829,95,3,10000,99.9
534,furniture1,furniture_decor,01-06-2018,13,455.0,35.0,49,829,18,0,10000,99.9
535,furniture1,furniture_decor,01-07-2018,10,350.0,35.0,49,829,22,1,10000,78.53571429
536,furniture1,furniture_decor,01-08-2018,16,560.0,35.0,49,829,19,1,10000,83.83333333
537,health2,health_beauty,01-08-2017,6,1950.0,325.0,60,2644,82,1,2992,58.99
538,health2,health_beauty,01-09-2017,11,3575.0,325.0,60,2644,89,1,2992,58.99
539,health2,health_beauty,01-10-2017,2,650.0,325.0,60,2644,81,2,2992,58.99
540,health2,health_beauty,01-11-2017,12,3900.0,325.0,60,2644,139,4,2992,58.99
541,health2,health_beauty,01-12-2017,6,1950.0,325.0,60,2644,112,1,2992,58.99
542,health2,health_beauty,01-01-2018,10,3250.0,325.0,60,2644,98,2,2992,58.99
543,health2,health_beauty,01-02-2018,23,7475.0,325.0,60,2644,126,2,2992,58.99
544,health2,health_beauty,01-03-2018,28,9125.0,325.8928571,60,2644,169,1,2992,58.99
545,health2,health_beauty,01-04-2018,21,6930.0,330.0,60,2644,118,1,2992,58.99
546,health2,health_beauty,01-05-2018,19,6270.0,330.0,60,2644,159,3,2992,58.99
547,health2,health_beauty,01-06-2018,16,5280.0,330.0,60,2644,131,0,2992,58.99
548,health2,health_beauty,01-07-2018,13,4290.0,330.0,60,2644,113,1,2992,58.99
549,health2,health_beauty,01-08-2018,28,9240.0,330.0,60,2644,127,1,2992,58.99
550,garden1,garden_tools,01-02-2017,1,99.99,99.99,58,1893,3,2,8000,99.99
551,garden1,garden_tools,01-03-2017,5,499.95,99.99,58,1893,21,1,8000,99.99
552,garden1,garden_tools,01-05-2017,4,439.96,109.99,58,1893,34,1,8000,109.99
553,garden1,garden_tools,01-06-2017,6,659.94,109.99,58,1893,26,1,8000,109.99
554,garden1,garden_tools,01-07-2017,1,120.0,120.0,58,1893,74,1,8000,59.9
555,garden1,garden_tools,01-08-2017,2,240.0,120.0,58,1893,113,1,8000,59.9
556,garden1,garden_tools,01-09-2017,7,735.0,102.5,58,1893,115,1,8000,59.9
557,garden1,garden_tools,01-10-2017,17,1619.93,95.29,58,1893,146,2,8000,59.9
558,garden1,garden_tools,01-11-2017,28,2519.72,89.99,58,1893,339,4,8000,53.78571429
559,garden1,garden_tools,01-12-2017,27,2429.73,89.99,58,1893,184,1,8000,55.75
560,garden1,garden_tools,01-01-2018,11,1405.0,127.7272727,58,1893,137,2,8000,49.9
561,garden1,garden_tools,01-02-2018,7,840.0,120.0,58,1893,160,2,8000,50.35714286
562,garden1,garden_tools,01-03-2018,6,660.0,110.0,58,1893,116,1,8000,53.9
563,garden1,garden_tools,01-04-2018,5,550.0,110.0,58,1893,111,1,8000,53.9
564,garden1,garden_tools,01-05-2018,2,220.0,110.0,58,1893,102,3,8000,53.05789474
565,garden1,garden_tools,01-06-2018,6,539.94,89.99,58,1893,58,0,8000,49.9
566,garden1,garden_tools,01-07-2018,7,699.93,99.99,58,1893,54,1,8000,49.9
567,garden1,garden_tools,01-08-2018,6,589.94,98.32333333,58,1893,46,1,8000,49.9
568,cool1,cool_stuff,01-02-2017,7,599.93,85.70428571,54,1012,7,2,15750,85.70428571
569,cool1,cool_stuff,01-03-2017,14,1399.86,99.99,54,1012,22,1,15750,99.99
570,cool1,cool_stuff,01-04-2017,17,1699.83,99.99,54,1012,33,2,15750,99.99
571,cool1,cool_stuff,01-05-2017,22,2199.78,99.99,54,1012,58,1,15750,99.99
572,cool1,cool_stuff,01-06-2017,14,1399.86,99.99,54,1012,42,1,15750,99.99
573,cool1,cool_stuff,01-07-2017,11,1099.89,99.99,54,1012,42,1,15750,99.99
574,cool1,cool_stuff,01-08-2017,14,1399.86,99.99,54,1012,39,1,15750,99.99
575,cool1,cool_stuff,01-09-2017,3,299.97,99.99,54,1012,10,1,15750,29.5
576,cool1,cool_stuff,01-10-2017,2,199.98,99.99,54,1012,33,2,15750,99.99
577,cool1,cool_stuff,01-11-2017,4,399.96,99.99,54,1012,42,4,15750,99.99
578,cool1,cool_stuff,01-12-2017,3,299.97,99.99,54,1012,38,1,15750,99.99
579,cool1,cool_stuff,01-01-2018,3,299.97,99.99,54,1012,102,2,15750,29.5
580,cool1,cool_stuff,01-02-2018,1,99.99,99.99,54,1012,20,2,15750,99.99
581,cool1,cool_stuff,01-03-2018,2,199.98,99.99,54,1012,45,1,15750,35.0
582,cool1,cool_stuff,01-04-2018,3,269.59,89.86333333,54,1012,18,1,15750,35.0
583,computers4,computers_accessories,01-02-2017,3,479.97,159.99,59,1893,3,2,8000,159.99
584,computers4,computers_accessories,01-03-2017,3,479.97,159.99,59,1893,3,1,8000,159.99
585,computers4,computers_accessories,01-04-2017,5,699.95,139.99,59,1893,5,2,8000,139.99
586,computers4,computers_accessories,01-06-2017,3,479.97,159.99,59,1893,15,1,8000,159.99
587,computers4,computers_accessories,01-07-2017,6,839.94,139.99,59,1893,17,1,8000,139.99
588,computers4,computers_accessories,01-08-2017,7,1019.93,145.7042857,59,1893,15,1,8000,145.7042857
589,computers4,computers_accessories,01-09-2017,11,1679.89,151.99,59,1893,15,1,8000,151.99
590,computers4,computers_accessories,01-10-2017,17,2629.83,154.6958824,59,1893,31,2,8000,154.6958824
591,computers4,computers_accessories,01-11-2017,18,2699.82,149.99,59,1893,36,4,8000,109.9
592,computers4,computers_accessories,01-12-2017,23,3449.77,149.99,59,1893,35,1,8000,109.9
593,computers4,computers_accessories,01-01-2018,43,6746.9,156.5113514,59,1893,152,2,8000,97.6425
594,computers4,computers_accessories,01-02-2018,31,4619.0,149.0,59,1893,202,2,8000,78.7122807
595,computers4,computers_accessories,01-03-2018,44,5986.0,136.1428571,59,1893,127,1,8000,81.02391304
596,computers4,computers_accessories,01-04-2018,56,6764.0,120.9230769,59,1893,107,1,8000,80.66666667
597,computers4,computers_accessories,01-05-2018,25,2975.0,119.0,59,1893,78,3,8000,79.8
598,computers4,computers_accessories,01-06-2018,27,3086.76,114.4911538,59,1893,66,0,8000,78.9
599,computers4,computers_accessories,01-07-2018,9,1079.91,119.99,59,1893,43,1,8000,77.9
600,computers4,computers_accessories,01-08-2018,10,1199.9,119.99,59,1893,18,1,8000,77.9
601,watches7,watches_gifts,01-08-2017,2,678.0,339.0,46,501,48,1,3042,179.9
602,watches7,watches_gifts,01-09-2017,1,339.0,339.0,46,501,54,1,3042,164.57
603,watches7,watches_gifts,01-10-2017,10,3461.58,346.158,46,501,43,2,3042,232.49
604,watches7,watches_gifts,01-11-2017,9,3111.36,345.7066667,46,501,91,4,3042,174.4333333
605,watches7,watches_gifts,01-12-2017,11,3836.8,348.8,46,501,73,1,3042,185.96
606,watches7,watches_gifts,01-01-2018,1,339.9,339.9,46,501,59,2,3042,199.0
607,watches7,watches_gifts,01-02-2018,5,1735.0,347.0,46,501,90,2,3042,182.0
608,watches7,watches_gifts,01-03-2018,6,1847.0,307.8333333,46,501,125,1,3042,151.8784375
609,watches7,watches_gifts,01-04-2018,6,1684.0,280.6666667,46,501,178,1,3042,150.1333333
610,watches7,watches_gifts,01-05-2018,23,5956.3,258.9695652,46,501,260,3,3042,132.53125
611,watches7,watches_gifts,01-06-2018,4,983.6,245.9,46,501,93,0,3042,138.22
612,watches7,watches_gifts,01-07-2018,45,7651.27,169.3493182,46,501,122,1,3042,155.0
613,computers3,computers_accessories,01-05-2017,15,2715.7,178.0571429,42,363,11,1,7650,178.0571429
614,computers3,computers_accessories,01-06-2017,15,2247.72,149.8525,42,363,15,1,7650,149.8525
615,computers3,computers_accessories,01-07-2017,4,584.77,146.6,42,363,17,1,7650,146.6
616,computers3,computers_accessories,01-08-2017,13,1884.45,144.96,42,363,15,1,7650,144.96
617,computers3,computers_accessories,01-09-2017,12,1656.87,138.59,42,363,15,1,7650,138.59
618,computers3,computers_accessories,01-10-2017,16,2206.4,137.9,42,363,31,2,7650,137.9
619,computers3,computers_accessories,01-11-2017,18,2482.2,137.9,42,363,36,4,7650,109.9
620,computers3,computers_accessories,01-12-2017,2,269.8,134.9,42,363,35,1,7650,109.9
621,computers3,computers_accessories,01-01-2018,5,665.0,133.0,42,363,152,2,7650,97.6425
622,computers3,computers_accessories,01-02-2018,3,398.91,132.97,42,363,202,2,7650,78.7122807
623,health4,health_beauty,01-10-2017,1,29.9,29.9,55,388,81,2,1200,58.99
624,health4,health_beauty,01-11-2017,6,179.4,29.9,55,388,139,4,1200,58.99
625,health4,health_beauty,01-12-2017,6,179.4,29.9,55,388,112,1,1200,58.99
626,health4,health_beauty,01-01-2018,15,448.5,29.9,55,388,98,2,1200,58.99
627,health4,health_beauty,01-02-2018,16,478.4,29.9,55,388,126,2,1200,58.99
628,health4,health_beauty,01-03-2018,11,328.9,29.9,55,388,169,1,1200,58.99
629,health4,health_beauty,01-04-2018,22,657.8,29.9,55,388,118,1,1200,58.99
630,health4,health_beauty,01-05-2018,22,657.8,29.9,55,388,159,3,1200,58.99
631,health4,health_beauty,01-06-2018,7,209.3,29.9,55,388,131,0,1200,58.99
632,health4,health_beauty,01-07-2018,18,538.2,29.9,55,388,113,1,1200,58.99
633,health4,health_beauty,01-08-2018,13,388.7,29.9,55,388,127,1,1200,58.99
634,watches1,watches_gifts,01-03-2017,5,1205.03,241.006,35,514,6,1,2856,241.006
635,watches1,watches_gifts,01-04-2017,3,766.83,255.61,35,514,3,2,2856,255.61
636,watches1,watches_gifts,01-06-2017,5,925.0,185.0,35,514,17,1,2856,185.0
637,watches1,watches_gifts,01-07-2017,10,1973.83,197.383,35,514,29,1,2856,197.383
638,watches1,watches_gifts,01-08-2017,15,2698.5,179.9,35,514,48,1,2856,179.9
639,watches1,watches_gifts,01-09-2017,20,3291.4,164.57,35,514,54,1,2856,164.57
640,watches1,watches_gifts,01-10-2017,4,929.96,232.49,35,514,43,2,2856,232.49
641,watches1,watches_gifts,01-11-2017,18,3139.8,174.4333333,35,514,91,4,2856,174.4333333
642,watches1,watches_gifts,01-12-2017,5,929.8,185.96,35,514,73,1,2856,185.96
643,watches1,watches_gifts,01-01-2018,2,398.0,199.0,35,514,59,2,2856,199.0
644,watches1,watches_gifts,01-02-2018,6,1092.0,182.0,35,514,90,2,2856,182.0
645,watches1,watches_gifts,01-03-2018,32,4860.11,151.8784375,35,514,125,1,2856,151.8784375
646,watches1,watches_gifts,01-04-2018,9,1351.2,150.1333333,35,514,178,1,2856,150.1333333
647,watches1,watches_gifts,01-05-2018,32,4241.0,132.53125,35,514,260,3,2856,132.53125
648,watches1,watches_gifts,01-06-2018,15,2073.3,138.22,35,514,93,0,2856,138.22
649,watches1,watches_gifts,01-07-2018,2,310.0,155.0,35,514,122,1,2856,155.0
650,watches1,watches_gifts,01-08-2018,11,1601.06,145.5509091,35,514,61,1,2856,145.5509091
651,computers2,computers_accessories,01-11-2017,1,109.9,109.9,33,256,36,4,2210,109.9
652,computers2,computers_accessories,01-12-2017,12,1318.8,109.9,33,256,35,1,2210,109.9
653,computers2,computers_accessories,01-01-2018,29,2831.55,97.6425,33,256,152,2,2210,97.6425
654,computers2,computers_accessories,01-02-2018,71,5581.8,78.7122807,33,256,202,2,2210,78.7122807
655,computers2,computers_accessories,01-03-2018,27,2187.3,81.02391304,33,256,127,1,2210,81.02391304
656,computers2,computers_accessories,01-04-2018,13,1042.9,80.66666667,33,256,107,1,2210,80.66666667
657,computers2,computers_accessories,01-05-2018,11,876.9,79.8,33,256,78,3,2210,79.8
658,computers2,computers_accessories,01-06-2018,10,789.0,78.9,33,256,66,0,2210,78.9
659,computers2,computers_accessories,01-07-2018,7,545.3,77.9,33,256,43,1,2210,77.9
660,computers2,computers_accessories,01-08-2018,2,155.8,77.9,33,256,18,1,2210,77.9
661,bed4,bed_bath_table,01-10-2017,29,1331.1,45.9,38,735,50,2,8000,45.95
662,bed4,bed_bath_table,01-11-2017,32,1421.67,44.15444444,38,735,97,4,8000,40.53181818
663,bed4,bed_bath_table,01-12-2017,12,550.8,45.9,38,735,41,1,8000,39.99
664,bed4,bed_bath_table,01-01-2018,19,872.1,45.9,38,735,62,2,8000,39.99
665,bed4,bed_bath_table,01-02-2018,16,734.4,45.9,38,735,62,2,8000,39.99
666,bed4,bed_bath_table,01-03-2018,8,383.2,47.9,38,735,43,1,8000,39.99
667,bed4,bed_bath_table,01-04-2018,7,335.3,47.9,38,735,34,1,8000,39.99
668,bed4,bed_bath_table,01-05-2018,2,95.8,47.9,38,735,57,3,8000,39.99
669,bed4,bed_bath_table,01-06-2018,4,191.6,47.9,38,735,43,0,8000,39.99
670,bed4,bed_bath_table,01-07-2018,2,95.8,47.9,38,735,26,1,8000,39.99
671,bed5,bed_bath_table,01-05-2017,1,215.0,215.0,56,162,57,1,12600,45.95
672,bed5,bed_bath_table,01-06-2017,10,2090.0,209.0,56,162,61,1,12600,45.95
673,bed5,bed_bath_table,01-07-2017,59,12095.0,205.0,56,162,123,1,12600,45.95
674,bed5,bed_bath_table,01-08-2017,52,10375.0,199.5098039,56,162,90,1,12600,45.95
675,bed5,bed_bath_table,01-09-2017,32,5222.36,163.3987097,56,162,54,1,12600,45.95
